georgalos,a2e1fc1d-1e63-3300-94f0-9c8b367a6ecb
mythos000,5e1cd589-c3f5-3b89-ba5f-7d2e63a986bb
itsavru,b2e880ac-df80-3c55-bfac-d31394fffa11
pupianana,4f18b850-94d9-34a9-a0d1-8f0f8c6cdef8
camilas0419,52f2663d-33e0-313a-99b7-c65152cad664
elpantera21,72b05eca-c4a4-3f82-bf51-59c351e2aee1
megadrax,44881c9b-882d-3aa4-8339-bbc01f740ecb
nyagisa,fac704a7-7a84-365a-8e02-eefaca844772
flekeyd,3fa81e37-586b-369e-934f-14bb45791885
igoaigod,dc11070b-8d0d-39b9-a9b0-dc42dd609ed5
fabrapp,3c12326c-4c68-3607-a0a3-a58b9fad8609
aby_chuli,6df58cf4-4333-39b0-be54-9cb92b55d465
nyagisa_dos,0e7569c4-dcf3-3f51-a042-80b1a44aa9cc
